Model,Accuracy,F1-Weighted
WideAndDeep,0.65,0.6460784313725491
Ensemble,0.55,0.5523809523809524
AttentionMLP,0.5,0.4987854251012146
DeepResNet,0.45,0.4121212121212121
