Model,Accuracy,AUC
MLP,0.75,0.8552083333333333
CNN,0.55,0.6416666666666666
Autoencoder+Classifier,0.65,0.7604166666666667
