model,accuracy,precision,recall,f1,roc_auc,approach
Stacking Ensemble,0.5652173913043478,0.5625,0.75,0.6428571428571429,0.7272727272727273,Stacking
Voting (Soft),0.6086956521739131,0.5882352941176471,0.8333333333333334,0.6896551724137931,0.7196969696969697,Voting
Logistic Regression (t=0.15),0.6086956521739131,0.5714285714285714,1.0,0.7272727272727273,0.7121212121212122,Optimized Threshold
Logistic Regression,0.5217391304347826,0.5333333333333333,0.6666666666666666,0.5925925925925926,0.7121212121212122,SMOTE
Logistic Regression (Enhanced),0.6086956521739131,0.6153846153846154,0.6666666666666666,0.64,0.6969696969696969,Feature Engineering
Voting (Hard),0.5652173913043478,0.5625,0.75,0.6428571428571429,0.0,Voting
